/data2/hao-wen/data/MUSIC/solo/audio/acoustic_guitar/ZANyOBEWiJA.wav,/data2/hao-wen/data/MUSIC/solo/frames/acoustic_guitar/ZANyOBEWiJA,200
/data2/hao-wen/data/MUSIC/solo/audio/tuba/VA1EolcDwZI.wav,/data2/hao-wen/data/MUSIC/solo/frames/tuba/VA1EolcDwZI,81
/data2/hao-wen/data/MUSIC/solo/audio/erhu/MJgy2-QJxmE.wav,/data2/hao-wen/data/MUSIC/solo/frames/erhu/MJgy2-QJxmE,46
/data2/hao-wen/data/MUSIC/solo/audio/accordion/Y5EwbTgIswk.wav,/data2/hao-wen/data/MUSIC/solo/frames/accordion/Y5EwbTgIswk,204
/data2/hao-wen/data/MUSIC/solo/audio/flute/1fhZ3iBeK2g.wav,/data2/hao-wen/data/MUSIC/solo/frames/flute/1fhZ3iBeK2g,119
/data2/hao-wen/data/MUSIC/solo/audio/cello/4Oy5VmaacaI.wav,/data2/hao-wen/data/MUSIC/solo/frames/cello/4Oy5VmaacaI,152
/data2/hao-wen/data/MUSIC/solo/audio/tuba/-X4loU7hcpw.wav,/data2/hao-wen/data/MUSIC/solo/frames/tuba/-X4loU7hcpw,46
/data2/hao-wen/data/MUSIC/solo/audio/erhu/37HdHAzJrOQ.wav,/data2/hao-wen/data/MUSIC/solo/frames/erhu/37HdHAzJrOQ,165
/data2/hao-wen/data/MUSIC/solo/audio/acoustic_guitar/30BRN7-KOG4.wav,/data2/hao-wen/data/MUSIC/solo/frames/acoustic_guitar/30BRN7-KOG4,221
/data2/hao-wen/data/MUSIC/solo/audio/saxophone/9XoXQXCVUQY.wav,/data2/hao-wen/data/MUSIC/solo/frames/saxophone/9XoXQXCVUQY,65
/data2/hao-wen/data/MUSIC/solo/audio/clarinet/X3GbAKww1KI.wav,/data2/hao-wen/data/MUSIC/solo/frames/clarinet/X3GbAKww1KI,69
/data2/hao-wen/data/MUSIC/solo/audio/flute/KgebjbW1mGk.wav,/data2/hao-wen/data/MUSIC/solo/frames/flute/KgebjbW1mGk,85
/data2/hao-wen/data/MUSIC/solo/audio/clarinet/RqPkcu-xidI.wav,/data2/hao-wen/data/MUSIC/solo/frames/clarinet/RqPkcu-xidI,226
/data2/hao-wen/data/MUSIC/solo/audio/flute/MvPqp3oZwOk.wav,/data2/hao-wen/data/MUSIC/solo/frames/flute/MvPqp3oZwOk,69
/data2/hao-wen/data/MUSIC/solo/audio/cello/7RRqeIUqXPs.wav,/data2/hao-wen/data/MUSIC/solo/frames/cello/7RRqeIUqXPs,193
/data2/hao-wen/data/MUSIC/solo/audio/clarinet/LPqBkF5NVSQ.wav,/data2/hao-wen/data/MUSIC/solo/frames/clarinet/LPqBkF5NVSQ,136
/data2/hao-wen/data/MUSIC/solo/audio/cello/VdFnyZWJAgo.wav,/data2/hao-wen/data/MUSIC/solo/frames/cello/VdFnyZWJAgo,220
/data2/hao-wen/data/MUSIC/solo/audio/cello/MCftKtqmH1A.wav,/data2/hao-wen/data/MUSIC/solo/frames/cello/MCftKtqmH1A,142
/data2/hao-wen/data/MUSIC/solo/audio/accordion/STtGADifdUw.wav,/data2/hao-wen/data/MUSIC/solo/frames/accordion/STtGADifdUw,88
/data2/hao-wen/data/MUSIC/solo/audio/tuba/N3nwDmWvsF4.wav,/data2/hao-wen/data/MUSIC/solo/frames/tuba/N3nwDmWvsF4,223
/data2/hao-wen/data/MUSIC/solo/audio/acoustic_guitar/At63FPRHLAo.wav,/data2/hao-wen/data/MUSIC/solo/frames/acoustic_guitar/At63FPRHLAo,221
/data2/hao-wen/data/MUSIC/solo/audio/clarinet/JnAAzR4XZ-I.wav,/data2/hao-wen/data/MUSIC/solo/frames/clarinet/JnAAzR4XZ-I,46
/data2/hao-wen/data/MUSIC/solo/audio/accordion/iB17xqmFw3A.wav,/data2/hao-wen/data/MUSIC/solo/frames/accordion/iB17xqmFw3A,200
/data2/hao-wen/data/MUSIC/solo/audio/erhu/P_dHPMofcwM.wav,/data2/hao-wen/data/MUSIC/solo/frames/erhu/P_dHPMofcwM,85
/data2/hao-wen/data/MUSIC/solo/audio/xylophone/DGn7xcsxMPk.wav,/data2/hao-wen/data/MUSIC/solo/frames/xylophone/DGn7xcsxMPk,131
/data2/hao-wen/data/MUSIC/solo/audio/saxophone/R700Q9DEUEk.wav,/data2/hao-wen/data/MUSIC/solo/frames/saxophone/R700Q9DEUEk,92
/data2/hao-wen/data/MUSIC/solo/audio/clarinet/MqB8Ux4DsIM.wav,/data2/hao-wen/data/MUSIC/solo/frames/clarinet/MqB8Ux4DsIM,23
/data2/hao-wen/data/MUSIC/solo/audio/violin/XlvlHfWjKx4.wav,/data2/hao-wen/data/MUSIC/solo/frames/violin/XlvlHfWjKx4,169
/data2/hao-wen/data/MUSIC/solo/audio/flute/X8rR0SV_BhU.wav,/data2/hao-wen/data/MUSIC/solo/frames/flute/X8rR0SV_BhU,153
/data2/hao-wen/data/MUSIC/solo/audio/trumpet/-dGfOlFsY20.wav,/data2/hao-wen/data/MUSIC/solo/frames/trumpet/-dGfOlFsY20,68
/data2/hao-wen/data/MUSIC/solo/audio/saxophone/lDCeAgGUwyc.wav,/data2/hao-wen/data/MUSIC/solo/frames/saxophone/lDCeAgGUwyc,193
/data2/hao-wen/data/MUSIC/solo/audio/clarinet/aZjtE82spMA.wav,/data2/hao-wen/data/MUSIC/solo/frames/clarinet/aZjtE82spMA,54
/data2/hao-wen/data/MUSIC/solo/audio/cello/_Nr58vTAIkw.wav,/data2/hao-wen/data/MUSIC/solo/frames/cello/_Nr58vTAIkw,163
/data2/hao-wen/data/MUSIC/solo/audio/xylophone/c-Yr5qyCefA.wav,/data2/hao-wen/data/MUSIC/solo/frames/xylophone/c-Yr5qyCefA,154
/data2/hao-wen/data/MUSIC/solo/audio/accordion/2gyrqiqTuiM.wav,/data2/hao-wen/data/MUSIC/solo/frames/accordion/2gyrqiqTuiM,211
/data2/hao-wen/data/MUSIC/solo/audio/erhu/3XAn8BHmtKg.wav,/data2/hao-wen/data/MUSIC/solo/frames/erhu/3XAn8BHmtKg,183
/data2/hao-wen/data/MUSIC/solo/audio/tuba/4AsWvRTLPWI.wav,/data2/hao-wen/data/MUSIC/solo/frames/tuba/4AsWvRTLPWI,39
/data2/hao-wen/data/MUSIC/solo/audio/trumpet/eBoCeQtoFtM.wav,/data2/hao-wen/data/MUSIC/solo/frames/trumpet/eBoCeQtoFtM,73
/data2/hao-wen/data/MUSIC/solo/audio/violin/CaeZoHNHul0.wav,/data2/hao-wen/data/MUSIC/solo/frames/violin/CaeZoHNHul0,176
/data2/hao-wen/data/MUSIC/solo/audio/accordion/KC2RgtW4IZ0.wav,/data2/hao-wen/data/MUSIC/solo/frames/accordion/KC2RgtW4IZ0,72
/data2/hao-wen/data/MUSIC/solo/audio/xylophone/EHKq3-zwphs.wav,/data2/hao-wen/data/MUSIC/solo/frames/xylophone/EHKq3-zwphs,121
/data2/hao-wen/data/MUSIC/solo/audio/trumpet/U2NMdF5yzdE.wav,/data2/hao-wen/data/MUSIC/solo/frames/trumpet/U2NMdF5yzdE,60
/data2/hao-wen/data/MUSIC/solo/audio/violin/bapfkDpaSGw.wav,/data2/hao-wen/data/MUSIC/solo/frames/violin/bapfkDpaSGw,111
/data2/hao-wen/data/MUSIC/solo/audio/flute/LKVxvHeb8hs.wav,/data2/hao-wen/data/MUSIC/solo/frames/flute/LKVxvHeb8hs,98
/data2/hao-wen/data/MUSIC/solo/audio/clarinet/TREfn2OfujU.wav,/data2/hao-wen/data/MUSIC/solo/frames/clarinet/TREfn2OfujU,55
/data2/hao-wen/data/MUSIC/solo/audio/xylophone/dpnBlIZGyJA.wav,/data2/hao-wen/data/MUSIC/solo/frames/xylophone/dpnBlIZGyJA,39
/data2/hao-wen/data/MUSIC/solo/audio/flute/B0xFpw9qvD4.wav,/data2/hao-wen/data/MUSIC/solo/frames/flute/B0xFpw9qvD4,84
/data2/hao-wen/data/MUSIC/solo/audio/accordion/bq5utI8KK_8.wav,/data2/hao-wen/data/MUSIC/solo/frames/accordion/bq5utI8KK_8,110
/data2/hao-wen/data/MUSIC/solo/audio/cello/I0LedcEaPL0.wav,/data2/hao-wen/data/MUSIC/solo/frames/cello/I0LedcEaPL0,184
/data2/hao-wen/data/MUSIC/solo/audio/clarinet/focoWBYg16w.wav,/data2/hao-wen/data/MUSIC/solo/frames/clarinet/focoWBYg16w,151
/data2/hao-wen/data/MUSIC/solo/audio/acoustic_guitar/9SZLDvRaHEA.wav,/data2/hao-wen/data/MUSIC/solo/frames/acoustic_guitar/9SZLDvRaHEA,131
/data2/hao-wen/data/MUSIC/solo/audio/accordion/UKk9DJD1jOo.wav,/data2/hao-wen/data/MUSIC/solo/frames/accordion/UKk9DJD1jOo,149
/data2/hao-wen/data/MUSIC/solo/audio/acoustic_guitar/X4UWEifacwI.wav,/data2/hao-wen/data/MUSIC/solo/frames/acoustic_guitar/X4UWEifacwI,225
/data2/hao-wen/data/MUSIC/solo/audio/tuba/C952gmBlkIU.wav,/data2/hao-wen/data/MUSIC/solo/frames/tuba/C952gmBlkIU,156
/data2/hao-wen/data/MUSIC/solo/audio/flute/d5IO46KfjR4.wav,/data2/hao-wen/data/MUSIC/solo/frames/flute/d5IO46KfjR4,100
/data2/hao-wen/data/MUSIC/solo/audio/cello/EvBzKBdfZxA.wav,/data2/hao-wen/data/MUSIC/solo/frames/cello/EvBzKBdfZxA,63
/data2/hao-wen/data/MUSIC/solo/audio/acoustic_guitar/PA8DVnECfh0.wav,/data2/hao-wen/data/MUSIC/solo/frames/acoustic_guitar/PA8DVnECfh0,190
/data2/hao-wen/data/MUSIC/solo/audio/acoustic_guitar/8YELO9yxs_c.wav,/data2/hao-wen/data/MUSIC/solo/frames/acoustic_guitar/8YELO9yxs_c,191
/data2/hao-wen/data/MUSIC/solo/audio/flute/BhXj3rVWGZ0.wav,/data2/hao-wen/data/MUSIC/solo/frames/flute/BhXj3rVWGZ0,145
/data2/hao-wen/data/MUSIC/solo/audio/clarinet/W9ZICrM6V-s.wav,/data2/hao-wen/data/MUSIC/solo/frames/clarinet/W9ZICrM6V-s,47
/data2/hao-wen/data/MUSIC/solo/audio/accordion/Ct-SQmiA31s.wav,/data2/hao-wen/data/MUSIC/solo/frames/accordion/Ct-SQmiA31s,22
/data2/hao-wen/data/MUSIC/solo/audio/clarinet/eIqVZuyPu2U.wav,/data2/hao-wen/data/MUSIC/solo/frames/clarinet/eIqVZuyPu2U,61
/data2/hao-wen/data/MUSIC/solo/audio/acoustic_guitar/_IcBMTI8PEQ.wav,/data2/hao-wen/data/MUSIC/solo/frames/acoustic_guitar/_IcBMTI8PEQ,184
/data2/hao-wen/data/MUSIC/solo/audio/trumpet/wEF6fWnx_wY.wav,/data2/hao-wen/data/MUSIC/solo/frames/trumpet/wEF6fWnx_wY,89
/data2/hao-wen/data/MUSIC/solo/audio/saxophone/geK-gOMgm20.wav,/data2/hao-wen/data/MUSIC/solo/frames/saxophone/geK-gOMgm20,42
/data2/hao-wen/data/MUSIC/solo/audio/erhu/XvnFhocZ6qM.wav,/data2/hao-wen/data/MUSIC/solo/frames/erhu/XvnFhocZ6qM,214
/data2/hao-wen/data/MUSIC/solo/audio/saxophone/EIpvnh0otts.wav,/data2/hao-wen/data/MUSIC/solo/frames/saxophone/EIpvnh0otts,152
/data2/hao-wen/data/MUSIC/solo/audio/tuba/LUZf782HzNo.wav,/data2/hao-wen/data/MUSIC/solo/frames/tuba/LUZf782HzNo,163
/data2/hao-wen/data/MUSIC/solo/audio/cello/-oe-KptPGnY.wav,/data2/hao-wen/data/MUSIC/solo/frames/cello/-oe-KptPGnY,93
/data2/hao-wen/data/MUSIC/solo/audio/acoustic_guitar/TzbeCt4_LFc.wav,/data2/hao-wen/data/MUSIC/solo/frames/acoustic_guitar/TzbeCt4_LFc,217
/data2/hao-wen/data/MUSIC/solo/audio/accordion/CgCMBFcifVE.wav,/data2/hao-wen/data/MUSIC/solo/frames/accordion/CgCMBFcifVE,185
/data2/hao-wen/data/MUSIC/solo/audio/tuba/G46O0IzYtt0.wav,/data2/hao-wen/data/MUSIC/solo/frames/tuba/G46O0IzYtt0,66
/data2/hao-wen/data/MUSIC/solo/audio/acoustic_guitar/26HLgXWF-Co.wav,/data2/hao-wen/data/MUSIC/solo/frames/acoustic_guitar/26HLgXWF-Co,160
/data2/hao-wen/data/MUSIC/solo/audio/cello/3N1KAaBJkwU.wav,/data2/hao-wen/data/MUSIC/solo/frames/cello/3N1KAaBJkwU,82
/data2/hao-wen/data/MUSIC/solo/audio/accordion/0N26WnKiCIg.wav,/data2/hao-wen/data/MUSIC/solo/frames/accordion/0N26WnKiCIg,136
/data2/hao-wen/data/MUSIC/solo/audio/clarinet/EXKxvMVayRk.wav,/data2/hao-wen/data/MUSIC/solo/frames/clarinet/EXKxvMVayRk,94
/data2/hao-wen/data/MUSIC/solo/audio/violin/10RkjPIguAY.wav,/data2/hao-wen/data/MUSIC/solo/frames/violin/10RkjPIguAY,142
/data2/hao-wen/data/MUSIC/solo/audio/trumpet/ds0ayqYweAc.wav,/data2/hao-wen/data/MUSIC/solo/frames/trumpet/ds0ayqYweAc,35
/data2/hao-wen/data/MUSIC/solo/audio/xylophone/XmjMGVv3TLk.wav,/data2/hao-wen/data/MUSIC/solo/frames/xylophone/XmjMGVv3TLk,111
/data2/hao-wen/data/MUSIC/solo/audio/accordion/RRjph7N4hvk.wav,/data2/hao-wen/data/MUSIC/solo/frames/accordion/RRjph7N4hvk,161
/data2/hao-wen/data/MUSIC/solo/audio/tuba/V9NILCtoTkc.wav,/data2/hao-wen/data/MUSIC/solo/frames/tuba/V9NILCtoTkc,55
/data2/hao-wen/data/MUSIC/solo/audio/accordion/MKSTzG114d0.wav,/data2/hao-wen/data/MUSIC/solo/frames/accordion/MKSTzG114d0,68
/data2/hao-wen/data/MUSIC/solo/audio/cello/Rr1UkDkhDlA.wav,/data2/hao-wen/data/MUSIC/solo/frames/cello/Rr1UkDkhDlA,159
/data2/hao-wen/data/MUSIC/solo/audio/accordion/yy2vL2RUiPI.wav,/data2/hao-wen/data/MUSIC/solo/frames/accordion/yy2vL2RUiPI,113
/data2/hao-wen/data/MUSIC/solo/audio/tuba/73ikMuXwKgc.wav,/data2/hao-wen/data/MUSIC/solo/frames/tuba/73ikMuXwKgc,37
/data2/hao-wen/data/MUSIC/solo/audio/xylophone/5lm9laLSORc.wav,/data2/hao-wen/data/MUSIC/solo/frames/xylophone/5lm9laLSORc,183
/data2/hao-wen/data/MUSIC/solo/audio/violin/VuDxLNdxl6I.wav,/data2/hao-wen/data/MUSIC/solo/frames/violin/VuDxLNdxl6I,230
/data2/hao-wen/data/MUSIC/solo/audio/clarinet/2D5nT67CIRw.wav,/data2/hao-wen/data/MUSIC/solo/frames/clarinet/2D5nT67CIRw,114
/data2/hao-wen/data/MUSIC/solo/audio/violin/lp4_79ooAQo.wav,/data2/hao-wen/data/MUSIC/solo/frames/violin/lp4_79ooAQo,97
/data2/hao-wen/data/MUSIC/solo/audio/accordion/Z_yNLFYjpsY.wav,/data2/hao-wen/data/MUSIC/solo/frames/accordion/Z_yNLFYjpsY,107
/data2/hao-wen/data/MUSIC/solo/audio/tuba/GV2bbRPFhvk.wav,/data2/hao-wen/data/MUSIC/solo/frames/tuba/GV2bbRPFhvk,43
/data2/hao-wen/data/MUSIC/solo/audio/tuba/ASUUqMvTdjg.wav,/data2/hao-wen/data/MUSIC/solo/frames/tuba/ASUUqMvTdjg,41
/data2/hao-wen/data/MUSIC/solo/audio/flute/unRA0xR-XWc.wav,/data2/hao-wen/data/MUSIC/solo/frames/flute/unRA0xR-XWc,95
/data2/hao-wen/data/MUSIC/solo/audio/erhu/Mdryqvk0UH0.wav,/data2/hao-wen/data/MUSIC/solo/frames/erhu/Mdryqvk0UH0,36
/data2/hao-wen/data/MUSIC/solo/audio/flute/YR6kjiPyNHU.wav,/data2/hao-wen/data/MUSIC/solo/frames/flute/YR6kjiPyNHU,159
/data2/hao-wen/data/MUSIC/solo/audio/tuba/aerJoJj--HU.wav,/data2/hao-wen/data/MUSIC/solo/frames/tuba/aerJoJj--HU,146
/data2/hao-wen/data/MUSIC/solo/audio/xylophone/VcEhFKOTF7A.wav,/data2/hao-wen/data/MUSIC/solo/frames/xylophone/VcEhFKOTF7A,59
/data2/hao-wen/data/MUSIC/solo/audio/xylophone/PF9PrzmkR2Q.wav,/data2/hao-wen/data/MUSIC/solo/frames/xylophone/PF9PrzmkR2Q,88
/data2/hao-wen/data/MUSIC/solo/audio/violin/rxr5tTH8_mM.wav,/data2/hao-wen/data/MUSIC/solo/frames/violin/rxr5tTH8_mM,230
/data2/hao-wen/data/MUSIC/solo/audio/clarinet/_O1mTqCSo6E.wav,/data2/hao-wen/data/MUSIC/solo/frames/clarinet/_O1mTqCSo6E,118
/data2/hao-wen/data/MUSIC/solo/audio/erhu/AlYZ7nWkzcQ.wav,/data2/hao-wen/data/MUSIC/solo/frames/erhu/AlYZ7nWkzcQ,44
/data2/hao-wen/data/MUSIC/solo/audio/flute/UD2SYltnnlY.wav,/data2/hao-wen/data/MUSIC/solo/frames/flute/UD2SYltnnlY,210
/data2/hao-wen/data/MUSIC/solo/audio/saxophone/P5pxcBdxa4E.wav,/data2/hao-wen/data/MUSIC/solo/frames/saxophone/P5pxcBdxa4E,37
/data2/hao-wen/data/MUSIC/solo/audio/xylophone/lJfi82vd9eI.wav,/data2/hao-wen/data/MUSIC/solo/frames/xylophone/lJfi82vd9eI,236
/data2/hao-wen/data/MUSIC/solo/audio/cello/U2s_4d0ZLT8.wav,/data2/hao-wen/data/MUSIC/solo/frames/cello/U2s_4d0ZLT8,187
/data2/hao-wen/data/MUSIC/solo/audio/cello/FntHqAlD1S0.wav,/data2/hao-wen/data/MUSIC/solo/frames/cello/FntHqAlD1S0,141
/data2/hao-wen/data/MUSIC/solo/audio/accordion/ADxyFxpe1ls.wav,/data2/hao-wen/data/MUSIC/solo/frames/accordion/ADxyFxpe1ls,218
/data2/hao-wen/data/MUSIC/solo/audio/erhu/EtrYq3j7src.wav,/data2/hao-wen/data/MUSIC/solo/frames/erhu/EtrYq3j7src,115
/data2/hao-wen/data/MUSIC/solo/audio/tuba/AAUm9njcMRk.wav,/data2/hao-wen/data/MUSIC/solo/frames/tuba/AAUm9njcMRk,95
/data2/hao-wen/data/MUSIC/solo/audio/accordion/PohzBumrY2Q.wav,/data2/hao-wen/data/MUSIC/solo/frames/accordion/PohzBumrY2Q,202
/data2/hao-wen/data/MUSIC/solo/audio/accordion/6hQHOZNwfRs.wav,/data2/hao-wen/data/MUSIC/solo/frames/accordion/6hQHOZNwfRs,165
/data2/hao-wen/data/MUSIC/solo/audio/accordion/7G6QVPCHv6Q.wav,/data2/hao-wen/data/MUSIC/solo/frames/accordion/7G6QVPCHv6Q,178
/data2/hao-wen/data/MUSIC/solo/audio/flute/E7E1kMExVcg.wav,/data2/hao-wen/data/MUSIC/solo/frames/flute/E7E1kMExVcg,95
/data2/hao-wen/data/MUSIC/solo/audio/erhu/AOAE4euXbEc.wav,/data2/hao-wen/data/MUSIC/solo/frames/erhu/AOAE4euXbEc,153
/data2/hao-wen/data/MUSIC/solo/audio/cello/IcV9yqQOqkw.wav,/data2/hao-wen/data/MUSIC/solo/frames/cello/IcV9yqQOqkw,107
/data2/hao-wen/data/MUSIC/solo/audio/erhu/-7l7M6vMm1k.wav,/data2/hao-wen/data/MUSIC/solo/frames/erhu/-7l7M6vMm1k,92
/data2/hao-wen/data/MUSIC/solo/audio/acoustic_guitar/XdoR3Mw217M.wav,/data2/hao-wen/data/MUSIC/solo/frames/acoustic_guitar/XdoR3Mw217M,213
/data2/hao-wen/data/MUSIC/solo/audio/saxophone/x5Bzb6R73JQ.wav,/data2/hao-wen/data/MUSIC/solo/frames/saxophone/x5Bzb6R73JQ,87
/data2/hao-wen/data/MUSIC/solo/audio/erhu/I5IYfx7ontI.wav,/data2/hao-wen/data/MUSIC/solo/frames/erhu/I5IYfx7ontI,175
/data2/hao-wen/data/MUSIC/solo/audio/tuba/8EU0xM-pQOI.wav,/data2/hao-wen/data/MUSIC/solo/frames/tuba/8EU0xM-pQOI,41
/data2/hao-wen/data/MUSIC/solo/audio/flute/cyUUlWSEujk.wav,/data2/hao-wen/data/MUSIC/solo/frames/flute/cyUUlWSEujk,42
/data2/hao-wen/data/MUSIC/solo/audio/erhu/SVZNEDEIK48.wav,/data2/hao-wen/data/MUSIC/solo/frames/erhu/SVZNEDEIK48,75
/data2/hao-wen/data/MUSIC/solo/audio/acoustic_guitar/ZeQPNWdFs_4.wav,/data2/hao-wen/data/MUSIC/solo/frames/acoustic_guitar/ZeQPNWdFs_4,212
/data2/hao-wen/data/MUSIC/solo/audio/trumpet/Ba4ajAm0VDI.wav,/data2/hao-wen/data/MUSIC/solo/frames/trumpet/Ba4ajAm0VDI,73
/data2/hao-wen/data/MUSIC/solo/audio/violin/ZFuLPm6-kVw.wav,/data2/hao-wen/data/MUSIC/solo/frames/violin/ZFuLPm6-kVw,38
/data2/hao-wen/data/MUSIC/solo/audio/xylophone/lVpWbUIW0gY.wav,/data2/hao-wen/data/MUSIC/solo/frames/xylophone/lVpWbUIW0gY,97
/data2/hao-wen/data/MUSIC/solo/audio/tuba/35TPV7_D7do.wav,/data2/hao-wen/data/MUSIC/solo/frames/tuba/35TPV7_D7do,27
/data2/hao-wen/data/MUSIC/solo/audio/erhu/ZMM_u1Bk0SI.wav,/data2/hao-wen/data/MUSIC/solo/frames/erhu/ZMM_u1Bk0SI,69
/data2/hao-wen/data/MUSIC/solo/audio/accordion/2WZsNZrbt6w.wav,/data2/hao-wen/data/MUSIC/solo/frames/accordion/2WZsNZrbt6w,174
/data2/hao-wen/data/MUSIC/solo/audio/xylophone/qLLwSb9YX5g.wav,/data2/hao-wen/data/MUSIC/solo/frames/xylophone/qLLwSb9YX5g,34
/data2/hao-wen/data/MUSIC/solo/audio/xylophone/Z36VEiqi02Y.wav,/data2/hao-wen/data/MUSIC/solo/frames/xylophone/Z36VEiqi02Y,188
/data2/hao-wen/data/MUSIC/solo/audio/tuba/1owUN7YXSzE.wav,/data2/hao-wen/data/MUSIC/solo/frames/tuba/1owUN7YXSzE,87
/data2/hao-wen/data/MUSIC/solo/audio/acoustic_guitar/DeQHA0xP2zk.wav,/data2/hao-wen/data/MUSIC/solo/frames/acoustic_guitar/DeQHA0xP2zk,206
/data2/hao-wen/data/MUSIC/solo/audio/xylophone/fhzqzm0dYuE.wav,/data2/hao-wen/data/MUSIC/solo/frames/xylophone/fhzqzm0dYuE,159
/data2/hao-wen/data/MUSIC/solo/audio/erhu/2D2ALfuqDpk.wav,/data2/hao-wen/data/MUSIC/solo/frames/erhu/2D2ALfuqDpk,87
/data2/hao-wen/data/MUSIC/solo/audio/xylophone/KPTyodoU2ng.wav,/data2/hao-wen/data/MUSIC/solo/frames/xylophone/KPTyodoU2ng,191
/data2/hao-wen/data/MUSIC/solo/audio/violin/9kwbEUqCNbU.wav,/data2/hao-wen/data/MUSIC/solo/frames/violin/9kwbEUqCNbU,127
/data2/hao-wen/data/MUSIC/solo/audio/tuba/LKMBOuDkEqo.wav,/data2/hao-wen/data/MUSIC/solo/frames/tuba/LKMBOuDkEqo,38
/data2/hao-wen/data/MUSIC/solo/audio/accordion/_jPFkOkNjuo.wav,/data2/hao-wen/data/MUSIC/solo/frames/accordion/_jPFkOkNjuo,68
/data2/hao-wen/data/MUSIC/solo/audio/flute/7Zudy1bw7bw.wav,/data2/hao-wen/data/MUSIC/solo/frames/flute/7Zudy1bw7bw,192
/data2/hao-wen/data/MUSIC/solo/audio/xylophone/McMd-s4XpZk.wav,/data2/hao-wen/data/MUSIC/solo/frames/xylophone/McMd-s4XpZk,77
/data2/hao-wen/data/MUSIC/solo/audio/xylophone/QoFHDWgxD9w.wav,/data2/hao-wen/data/MUSIC/solo/frames/xylophone/QoFHDWgxD9w,164
/data2/hao-wen/data/MUSIC/solo/audio/cello/XI7Fx7rJt4I.wav,/data2/hao-wen/data/MUSIC/solo/frames/cello/XI7Fx7rJt4I,63
/data2/hao-wen/data/MUSIC/solo/audio/cello/5Eg6GNhszNE.wav,/data2/hao-wen/data/MUSIC/solo/frames/cello/5Eg6GNhszNE,120
/data2/hao-wen/data/MUSIC/solo/audio/xylophone/L_ErwglZCJM.wav,/data2/hao-wen/data/MUSIC/solo/frames/xylophone/L_ErwglZCJM,69
/data2/hao-wen/data/MUSIC/solo/audio/acoustic_guitar/XYizxH7yAqA.wav,/data2/hao-wen/data/MUSIC/solo/frames/acoustic_guitar/XYizxH7yAqA,109
/data2/hao-wen/data/MUSIC/solo/audio/flute/wEzEcfz1QS0.wav,/data2/hao-wen/data/MUSIC/solo/frames/flute/wEzEcfz1QS0,169
/data2/hao-wen/data/MUSIC/solo/audio/erhu/DlqCn_xrNRU.wav,/data2/hao-wen/data/MUSIC/solo/frames/erhu/DlqCn_xrNRU,101
/data2/hao-wen/data/MUSIC/solo/audio/saxophone/lm51ySOO71o.wav,/data2/hao-wen/data/MUSIC/solo/frames/saxophone/lm51ySOO71o,81
/data2/hao-wen/data/MUSIC/solo/audio/xylophone/ag7eC_pVobo.wav,/data2/hao-wen/data/MUSIC/solo/frames/xylophone/ag7eC_pVobo,198
/data2/hao-wen/data/MUSIC/solo/audio/flute/jW_AuF6dQYY.wav,/data2/hao-wen/data/MUSIC/solo/frames/flute/jW_AuF6dQYY,71
/data2/hao-wen/data/MUSIC/solo/audio/tuba/8sgzGhxw-tM.wav,/data2/hao-wen/data/MUSIC/solo/frames/tuba/8sgzGhxw-tM,130
/data2/hao-wen/data/MUSIC/solo/audio/erhu/31GOxPXDNkk.wav,/data2/hao-wen/data/MUSIC/solo/frames/erhu/31GOxPXDNkk,95
/data2/hao-wen/data/MUSIC/solo/audio/violin/w81p5ty4OZc.wav,/data2/hao-wen/data/MUSIC/solo/frames/violin/w81p5ty4OZc,131
/data2/hao-wen/data/MUSIC/solo/audio/accordion/q4kscRK91y4.wav,/data2/hao-wen/data/MUSIC/solo/frames/accordion/q4kscRK91y4,119
/data2/hao-wen/data/MUSIC/solo/audio/tuba/ALMOnRonTPM.wav,/data2/hao-wen/data/MUSIC/solo/frames/tuba/ALMOnRonTPM,26
/data2/hao-wen/data/MUSIC/solo/audio/cello/QZEkGj9m1qs.wav,/data2/hao-wen/data/MUSIC/solo/frames/cello/QZEkGj9m1qs,98
/data2/hao-wen/data/MUSIC/solo/audio/cello/NhkPpOvrtz0.wav,/data2/hao-wen/data/MUSIC/solo/frames/cello/NhkPpOvrtz0,148
/data2/hao-wen/data/MUSIC/solo/audio/trumpet/8jxZMGYbQIw.wav,/data2/hao-wen/data/MUSIC/solo/frames/trumpet/8jxZMGYbQIw,79
/data2/hao-wen/data/MUSIC/solo/audio/saxophone/iEOdwzdXmfE.wav,/data2/hao-wen/data/MUSIC/solo/frames/saxophone/iEOdwzdXmfE,90
/data2/hao-wen/data/MUSIC/solo/audio/violin/8mDNLCo1McQ.wav,/data2/hao-wen/data/MUSIC/solo/frames/violin/8mDNLCo1McQ,112
/data2/hao-wen/data/MUSIC/solo/audio/erhu/YLTpkQqX_ek.wav,/data2/hao-wen/data/MUSIC/solo/frames/erhu/YLTpkQqX_ek,76
/data2/hao-wen/data/MUSIC/solo/audio/acoustic_guitar/YwDABKyGY_g.wav,/data2/hao-wen/data/MUSIC/solo/frames/acoustic_guitar/YwDABKyGY_g,94
/data2/hao-wen/data/MUSIC/solo/audio/acoustic_guitar/XTKxjzg1xwM.wav,/data2/hao-wen/data/MUSIC/solo/frames/acoustic_guitar/XTKxjzg1xwM,191
/data2/hao-wen/data/MUSIC/solo/audio/tuba/NDVxjRCWjYU.wav,/data2/hao-wen/data/MUSIC/solo/frames/tuba/NDVxjRCWjYU,210
/data2/hao-wen/data/MUSIC/solo/audio/clarinet/DS500VD8YDg.wav,/data2/hao-wen/data/MUSIC/solo/frames/clarinet/DS500VD8YDg,208
/data2/hao-wen/data/MUSIC/solo/audio/trumpet/zhaLSfnahL0.wav,/data2/hao-wen/data/MUSIC/solo/frames/trumpet/zhaLSfnahL0,61
/data2/hao-wen/data/MUSIC/solo/audio/clarinet/iHQIK5JM3Xo.wav,/data2/hao-wen/data/MUSIC/solo/frames/clarinet/iHQIK5JM3Xo,113
/data2/hao-wen/data/MUSIC/solo/audio/accordion/yn1NaZWN_qQ.wav,/data2/hao-wen/data/MUSIC/solo/frames/accordion/yn1NaZWN_qQ,83
/data2/hao-wen/data/MUSIC/solo/audio/clarinet/ZXz0cVq_RTI.wav,/data2/hao-wen/data/MUSIC/solo/frames/clarinet/ZXz0cVq_RTI,63
/data2/hao-wen/data/MUSIC/solo/audio/erhu/-SzFwDekTGo.wav,/data2/hao-wen/data/MUSIC/solo/frames/erhu/-SzFwDekTGo,171
/data2/hao-wen/data/MUSIC/solo/audio/clarinet/GQGBzVaDTmM.wav,/data2/hao-wen/data/MUSIC/solo/frames/clarinet/GQGBzVaDTmM,88
/data2/hao-wen/data/MUSIC/solo/audio/saxophone/TSEWnnKagqQ.wav,/data2/hao-wen/data/MUSIC/solo/frames/saxophone/TSEWnnKagqQ,127
/data2/hao-wen/data/MUSIC/solo/audio/xylophone/-XAsXmbExkE.wav,/data2/hao-wen/data/MUSIC/solo/frames/xylophone/-XAsXmbExkE,132
/data2/hao-wen/data/MUSIC/solo/audio/tuba/S9ES30JJTZc.wav,/data2/hao-wen/data/MUSIC/solo/frames/tuba/S9ES30JJTZc,63
/data2/hao-wen/data/MUSIC/solo/audio/flute/f1a-JF06840.wav,/data2/hao-wen/data/MUSIC/solo/frames/flute/f1a-JF06840,165
/data2/hao-wen/data/MUSIC/solo/audio/clarinet/aTYc-hHt4us.wav,/data2/hao-wen/data/MUSIC/solo/frames/clarinet/aTYc-hHt4us,105
/data2/hao-wen/data/MUSIC/solo/audio/cello/Lq3671NhNZk.wav,/data2/hao-wen/data/MUSIC/solo/frames/cello/Lq3671NhNZk,159
/data2/hao-wen/data/MUSIC/solo/audio/clarinet/P5nnnybNQ_o.wav,/data2/hao-wen/data/MUSIC/solo/frames/clarinet/P5nnnybNQ_o,92
/data2/hao-wen/data/MUSIC/solo/audio/erhu/-e5DuAUwBgA.wav,/data2/hao-wen/data/MUSIC/solo/frames/erhu/-e5DuAUwBgA,105
/data2/hao-wen/data/MUSIC/solo/audio/cello/PCicM6i59_I.wav,/data2/hao-wen/data/MUSIC/solo/frames/cello/PCicM6i59_I,167
/data2/hao-wen/data/MUSIC/solo/audio/acoustic_guitar/HPyM9xzrih0.wav,/data2/hao-wen/data/MUSIC/solo/frames/acoustic_guitar/HPyM9xzrih0,135
/data2/hao-wen/data/MUSIC/solo/audio/violin/ZgGEuzLZw2E.wav,/data2/hao-wen/data/MUSIC/solo/frames/violin/ZgGEuzLZw2E,98
/data2/hao-wen/data/MUSIC/solo/audio/cello/R6M2LLmUg1k.wav,/data2/hao-wen/data/MUSIC/solo/frames/cello/R6M2LLmUg1k,113
/data2/hao-wen/data/MUSIC/solo/audio/acoustic_guitar/MVZGmcXU2D8.wav,/data2/hao-wen/data/MUSIC/solo/frames/acoustic_guitar/MVZGmcXU2D8,207
/data2/hao-wen/data/MUSIC/solo/audio/tuba/GSol2w0QnJE.wav,/data2/hao-wen/data/MUSIC/solo/frames/tuba/GSol2w0QnJE,59
/data2/hao-wen/data/MUSIC/solo/audio/accordion/Q-Jkk6mJ8AI.wav,/data2/hao-wen/data/MUSIC/solo/frames/accordion/Q-Jkk6mJ8AI,104
/data2/hao-wen/data/MUSIC/solo/audio/flute/3q104tR3k2Q.wav,/data2/hao-wen/data/MUSIC/solo/frames/flute/3q104tR3k2Q,122
/data2/hao-wen/data/MUSIC/solo/audio/erhu/1wrfS5PHbKE.wav,/data2/hao-wen/data/MUSIC/solo/frames/erhu/1wrfS5PHbKE,102
/data2/hao-wen/data/MUSIC/solo/audio/accordion/oOCHF3GgKLs.wav,/data2/hao-wen/data/MUSIC/solo/frames/accordion/oOCHF3GgKLs,180
/data2/hao-wen/data/MUSIC/solo/audio/acoustic_guitar/RgB3wzNVZyY.wav,/data2/hao-wen/data/MUSIC/solo/frames/acoustic_guitar/RgB3wzNVZyY,101
/data2/hao-wen/data/MUSIC/solo/audio/trumpet/g1sNdUDTfJQ.wav,/data2/hao-wen/data/MUSIC/solo/frames/trumpet/g1sNdUDTfJQ,71
/data2/hao-wen/data/MUSIC/solo/audio/tuba/WSRAO6abxog.wav,/data2/hao-wen/data/MUSIC/solo/frames/tuba/WSRAO6abxog,87
/data2/hao-wen/data/MUSIC/solo/audio/flute/XlPvAkLT3Yw.wav,/data2/hao-wen/data/MUSIC/solo/frames/flute/XlPvAkLT3Yw,206
/data2/hao-wen/data/MUSIC/solo/audio/erhu/Us9dxgfBfeo.wav,/data2/hao-wen/data/MUSIC/solo/frames/erhu/Us9dxgfBfeo,174
/data2/hao-wen/data/MUSIC/solo/audio/erhu/-5MipMQ25cU.wav,/data2/hao-wen/data/MUSIC/solo/frames/erhu/-5MipMQ25cU,124
/data2/hao-wen/data/MUSIC/solo/audio/clarinet/5ESDEU04WSQ.wav,/data2/hao-wen/data/MUSIC/solo/frames/clarinet/5ESDEU04WSQ,184
/data2/hao-wen/data/MUSIC/solo/audio/saxophone/uPkGEtn5jxE.wav,/data2/hao-wen/data/MUSIC/solo/frames/saxophone/uPkGEtn5jxE,188
/data2/hao-wen/data/MUSIC/solo/audio/trumpet/y-Y6QAUqSKg.wav,/data2/hao-wen/data/MUSIC/solo/frames/trumpet/y-Y6QAUqSKg,72
/data2/hao-wen/data/MUSIC/solo/audio/cello/9xj3e5A8XwE.wav,/data2/hao-wen/data/MUSIC/solo/frames/cello/9xj3e5A8XwE,192
/data2/hao-wen/data/MUSIC/solo/audio/flute/3-zT9mN8Lio.wav,/data2/hao-wen/data/MUSIC/solo/frames/flute/3-zT9mN8Lio,65
/data2/hao-wen/data/MUSIC/solo/audio/xylophone/Sw8346DYwME.wav,/data2/hao-wen/data/MUSIC/solo/frames/xylophone/Sw8346DYwME,69
/data2/hao-wen/data/MUSIC/solo/audio/tuba/HQveyGmUBSs.wav,/data2/hao-wen/data/MUSIC/solo/frames/tuba/HQveyGmUBSs,140
/data2/hao-wen/data/MUSIC/solo/audio/trumpet/S3G9BjzPKXo.wav,/data2/hao-wen/data/MUSIC/solo/frames/trumpet/S3G9BjzPKXo,44
/data2/hao-wen/data/MUSIC/solo/audio/erhu/0VyVd_QUCl8.wav,/data2/hao-wen/data/MUSIC/solo/frames/erhu/0VyVd_QUCl8,147
/data2/hao-wen/data/MUSIC/solo/audio/erhu/V9rjOI5YEDE.wav,/data2/hao-wen/data/MUSIC/solo/frames/erhu/V9rjOI5YEDE,121
/data2/hao-wen/data/MUSIC/solo/audio/erhu/Lv2vc_8CZLc.wav,/data2/hao-wen/data/MUSIC/solo/frames/erhu/Lv2vc_8CZLc,163
/data2/hao-wen/data/MUSIC/solo/audio/acoustic_guitar/2CcXQsF06Xo.wav,/data2/hao-wen/data/MUSIC/solo/frames/acoustic_guitar/2CcXQsF06Xo,154
/data2/hao-wen/data/MUSIC/solo/audio/cello/D1DjJqqK5Rw.wav,/data2/hao-wen/data/MUSIC/solo/frames/cello/D1DjJqqK5Rw,240
/data2/hao-wen/data/MUSIC/solo/audio/trumpet/ZFp0yw9Dxcw.wav,/data2/hao-wen/data/MUSIC/solo/frames/trumpet/ZFp0yw9Dxcw,39
/data2/hao-wen/data/MUSIC/solo/audio/accordion/1mCi6eWXVbg.wav,/data2/hao-wen/data/MUSIC/solo/frames/accordion/1mCi6eWXVbg,125
/data2/hao-wen/data/MUSIC/solo/audio/saxophone/NLGte2YC6Oc.wav,/data2/hao-wen/data/MUSIC/solo/frames/saxophone/NLGte2YC6Oc,146
/data2/hao-wen/data/MUSIC/solo/audio/cello/FcO9w1mYEEs.wav,/data2/hao-wen/data/MUSIC/solo/frames/cello/FcO9w1mYEEs,207
/data2/hao-wen/data/MUSIC/solo/audio/xylophone/0o22Fy2Hr3s.wav,/data2/hao-wen/data/MUSIC/solo/frames/xylophone/0o22Fy2Hr3s,229
/data2/hao-wen/data/MUSIC/solo/audio/erhu/JEDgAVcR_yE.wav,/data2/hao-wen/data/MUSIC/solo/frames/erhu/JEDgAVcR_yE,41
/data2/hao-wen/data/MUSIC/solo/audio/accordion/t_3Zm1PbydA.wav,/data2/hao-wen/data/MUSIC/solo/frames/accordion/t_3Zm1PbydA,236
/data2/hao-wen/data/MUSIC/solo/audio/flute/8o5ngxZaYYw.wav,/data2/hao-wen/data/MUSIC/solo/frames/flute/8o5ngxZaYYw,88
/data2/hao-wen/data/MUSIC/solo/audio/erhu/DLTK2_UyrDI.wav,/data2/hao-wen/data/MUSIC/solo/frames/erhu/DLTK2_UyrDI,86
/data2/hao-wen/data/MUSIC/solo/audio/cello/CSKOEhh5nBk.wav,/data2/hao-wen/data/MUSIC/solo/frames/cello/CSKOEhh5nBk,179
/data2/hao-wen/data/MUSIC/solo/audio/cello/-3V-vUMkHqk.wav,/data2/hao-wen/data/MUSIC/solo/frames/cello/-3V-vUMkHqk,23
/data2/hao-wen/data/MUSIC/solo/audio/violin/YK94q0Fwquc.wav,/data2/hao-wen/data/MUSIC/solo/frames/violin/YK94q0Fwquc,39
/data2/hao-wen/data/MUSIC/solo/audio/cello/19CdPaHrVPQ.wav,/data2/hao-wen/data/MUSIC/solo/frames/cello/19CdPaHrVPQ,186
/data2/hao-wen/data/MUSIC/solo/audio/acoustic_guitar/1OsOEt5Qpfc.wav,/data2/hao-wen/data/MUSIC/solo/frames/acoustic_guitar/1OsOEt5Qpfc,158
/data2/hao-wen/data/MUSIC/solo/audio/acoustic_guitar/ZvLT_J9Uv4o.wav,/data2/hao-wen/data/MUSIC/solo/frames/acoustic_guitar/ZvLT_J9Uv4o,67
/data2/hao-wen/data/MUSIC/solo/audio/flute/oEb2mlij38w.wav,/data2/hao-wen/data/MUSIC/solo/frames/flute/oEb2mlij38w,44
/data2/hao-wen/data/MUSIC/solo/audio/xylophone/91MhpKVea30.wav,/data2/hao-wen/data/MUSIC/solo/frames/xylophone/91MhpKVea30,230
/data2/hao-wen/data/MUSIC/solo/audio/clarinet/D6YQ6WwWZrk.wav,/data2/hao-wen/data/MUSIC/solo/frames/clarinet/D6YQ6WwWZrk,87
/data2/hao-wen/data/MUSIC/solo/audio/cello/M3YZEmQyt6c.wav,/data2/hao-wen/data/MUSIC/solo/frames/cello/M3YZEmQyt6c,210
/data2/hao-wen/data/MUSIC/solo/audio/acoustic_guitar/1TBxNBIUx3o.wav,/data2/hao-wen/data/MUSIC/solo/frames/acoustic_guitar/1TBxNBIUx3o,126
/data2/hao-wen/data/MUSIC/solo/audio/flute/sybsjsj1zPo.wav,/data2/hao-wen/data/MUSIC/solo/frames/flute/sybsjsj1zPo,214
/data2/hao-wen/data/MUSIC/solo/audio/cello/2ARPm0djKIk.wav,/data2/hao-wen/data/MUSIC/solo/frames/cello/2ARPm0djKIk,221
/data2/hao-wen/data/MUSIC/solo/audio/accordion/qBnsIqyXheM.wav,/data2/hao-wen/data/MUSIC/solo/frames/accordion/qBnsIqyXheM,212
/data2/hao-wen/data/MUSIC/solo/audio/clarinet/IZx6ZXWuOGY.wav,/data2/hao-wen/data/MUSIC/solo/frames/clarinet/IZx6ZXWuOGY,121
/data2/hao-wen/data/MUSIC/solo/audio/xylophone/Jd5heRezP5s.wav,/data2/hao-wen/data/MUSIC/solo/frames/xylophone/Jd5heRezP5s,113
/data2/hao-wen/data/MUSIC/solo/audio/acoustic_guitar/7zrsesZWrhc.wav,/data2/hao-wen/data/MUSIC/solo/frames/acoustic_guitar/7zrsesZWrhc,234
/data2/hao-wen/data/MUSIC/solo/audio/violin/TyMrlwmg5M4.wav,/data2/hao-wen/data/MUSIC/solo/frames/violin/TyMrlwmg5M4,32
/data2/hao-wen/data/MUSIC/solo/audio/violin/MfzC4e3nD4I.wav,/data2/hao-wen/data/MUSIC/solo/frames/violin/MfzC4e3nD4I,176
/data2/hao-wen/data/MUSIC/solo/audio/acoustic_guitar/M3dekVSwNjY.wav,/data2/hao-wen/data/MUSIC/solo/frames/acoustic_guitar/M3dekVSwNjY,199
/data2/hao-wen/data/MUSIC/solo/audio/trumpet/2V12S02E2Jc.wav,/data2/hao-wen/data/MUSIC/solo/frames/trumpet/2V12S02E2Jc,81
/data2/hao-wen/data/MUSIC/solo/audio/saxophone/8U4tYnLtuzk.wav,/data2/hao-wen/data/MUSIC/solo/frames/saxophone/8U4tYnLtuzk,166
/data2/hao-wen/data/MUSIC/solo/audio/erhu/P6mSuuTzYxk.wav,/data2/hao-wen/data/MUSIC/solo/frames/erhu/P6mSuuTzYxk,169
/data2/hao-wen/data/MUSIC/solo/audio/flute/GouIcBwgP_U.wav,/data2/hao-wen/data/MUSIC/solo/frames/flute/GouIcBwgP_U,180
/data2/hao-wen/data/MUSIC/solo/audio/acoustic_guitar/86hnEemgPPw.wav,/data2/hao-wen/data/MUSIC/solo/frames/acoustic_guitar/86hnEemgPPw,214
/data2/hao-wen/data/MUSIC/solo/audio/acoustic_guitar/OBbmnUIJQDQ.wav,/data2/hao-wen/data/MUSIC/solo/frames/acoustic_guitar/OBbmnUIJQDQ,103
/data2/hao-wen/data/MUSIC/solo/audio/trumpet/eCQO6k5Qrmg.wav,/data2/hao-wen/data/MUSIC/solo/frames/trumpet/eCQO6k5Qrmg,65
/data2/hao-wen/data/MUSIC/solo/audio/tuba/2tG4y_uyEAY.wav,/data2/hao-wen/data/MUSIC/solo/frames/tuba/2tG4y_uyEAY,66
/data2/hao-wen/data/MUSIC/solo/audio/tuba/Xm5a8vCHlFw.wav,/data2/hao-wen/data/MUSIC/solo/frames/tuba/Xm5a8vCHlFw,58
/data2/hao-wen/data/MUSIC/solo/audio/erhu/GtQixP8bAk8.wav,/data2/hao-wen/data/MUSIC/solo/frames/erhu/GtQixP8bAk8,130
/data2/hao-wen/data/MUSIC/solo/audio/accordion/YhwsPeOGnGg.wav,/data2/hao-wen/data/MUSIC/solo/frames/accordion/YhwsPeOGnGg,118
/data2/hao-wen/data/MUSIC/solo/audio/accordion/1oz3h9doX_g.wav,/data2/hao-wen/data/MUSIC/solo/frames/accordion/1oz3h9doX_g,140
/data2/hao-wen/data/MUSIC/solo/audio/acoustic_guitar/5UZF3bGoZpM.wav,/data2/hao-wen/data/MUSIC/solo/frames/acoustic_guitar/5UZF3bGoZpM,212
/data2/hao-wen/data/MUSIC/solo/audio/cello/2R12lQszz90.wav,/data2/hao-wen/data/MUSIC/solo/frames/cello/2R12lQszz90,149
/data2/hao-wen/data/MUSIC/solo/audio/acoustic_guitar/9bEbuj4Qb3I.wav,/data2/hao-wen/data/MUSIC/solo/frames/acoustic_guitar/9bEbuj4Qb3I,88
/data2/hao-wen/data/MUSIC/solo/audio/saxophone/e73x3LGeb_Q.wav,/data2/hao-wen/data/MUSIC/solo/frames/saxophone/e73x3LGeb_Q,128
/data2/hao-wen/data/MUSIC/solo/audio/accordion/7C-udYVfjoY.wav,/data2/hao-wen/data/MUSIC/solo/frames/accordion/7C-udYVfjoY,131
/data2/hao-wen/data/MUSIC/solo/audio/accordion/Oytzh19NE6w.wav,/data2/hao-wen/data/MUSIC/solo/frames/accordion/Oytzh19NE6w,180
/data2/hao-wen/data/MUSIC/solo/audio/violin/vYr0vft28Tg.wav,/data2/hao-wen/data/MUSIC/solo/frames/violin/vYr0vft28Tg,168
/data2/hao-wen/data/MUSIC/solo/audio/cello/VYkZb7F4zKo.wav,/data2/hao-wen/data/MUSIC/solo/frames/cello/VYkZb7F4zKo,171
/data2/hao-wen/data/MUSIC/solo/audio/xylophone/2kBkI6f1X_s.wav,/data2/hao-wen/data/MUSIC/solo/frames/xylophone/2kBkI6f1X_s,99
/data2/hao-wen/data/MUSIC/solo/audio/cello/Rj5XJO5T8PY.wav,/data2/hao-wen/data/MUSIC/solo/frames/cello/Rj5XJO5T8PY,132
/data2/hao-wen/data/MUSIC/solo/audio/cello/VlIcqDWmPkw.wav,/data2/hao-wen/data/MUSIC/solo/frames/cello/VlIcqDWmPkw,190
/data2/hao-wen/data/MUSIC/solo/audio/trumpet/S1iKARDRvX4.wav,/data2/hao-wen/data/MUSIC/solo/frames/trumpet/S1iKARDRvX4,23
/data2/hao-wen/data/MUSIC/solo/audio/acoustic_guitar/HGlIImajcRI.wav,/data2/hao-wen/data/MUSIC/solo/frames/acoustic_guitar/HGlIImajcRI,198
/data2/hao-wen/data/MUSIC/solo/audio/acoustic_guitar/Eaq914E77oY.wav,/data2/hao-wen/data/MUSIC/solo/frames/acoustic_guitar/Eaq914E77oY,143
/data2/hao-wen/data/MUSIC/solo/audio/clarinet/cEhrpbRf-DY.wav,/data2/hao-wen/data/MUSIC/solo/frames/clarinet/cEhrpbRf-DY,78
/data2/hao-wen/data/MUSIC/solo/audio/cello/YmKMEpt9OjQ.wav,/data2/hao-wen/data/MUSIC/solo/frames/cello/YmKMEpt9OjQ,210
/data2/hao-wen/data/MUSIC/solo/audio/flute/tfcNUo8qjrA.wav,/data2/hao-wen/data/MUSIC/solo/frames/flute/tfcNUo8qjrA,130
/data2/hao-wen/data/MUSIC/solo/audio/acoustic_guitar/Y-dpHbPGQWE.wav,/data2/hao-wen/data/MUSIC/solo/frames/acoustic_guitar/Y-dpHbPGQWE,235
/data2/hao-wen/data/MUSIC/solo/audio/xylophone/9fOU26yd0Pw.wav,/data2/hao-wen/data/MUSIC/solo/frames/xylophone/9fOU26yd0Pw,98
/data2/hao-wen/data/MUSIC/solo/audio/cello/_oUTOskOwXs.wav,/data2/hao-wen/data/MUSIC/solo/frames/cello/_oUTOskOwXs,98
/data2/hao-wen/data/MUSIC/solo/audio/saxophone/LqyX7bRrMTw.wav,/data2/hao-wen/data/MUSIC/solo/frames/saxophone/LqyX7bRrMTw,108
/data2/hao-wen/data/MUSIC/solo/audio/cello/DPSLdZBaQTM.wav,/data2/hao-wen/data/MUSIC/solo/frames/cello/DPSLdZBaQTM,219
/data2/hao-wen/data/MUSIC/solo/audio/trumpet/ZRpsKMe5dSg.wav,/data2/hao-wen/data/MUSIC/solo/frames/trumpet/ZRpsKMe5dSg,112
/data2/hao-wen/data/MUSIC/solo/audio/erhu/TWrh_c9YRp8.wav,/data2/hao-wen/data/MUSIC/solo/frames/erhu/TWrh_c9YRp8,142
/data2/hao-wen/data/MUSIC/solo/audio/tuba/KrlDeCWv9ak.wav,/data2/hao-wen/data/MUSIC/solo/frames/tuba/KrlDeCWv9ak,184
/data2/hao-wen/data/MUSIC/solo/audio/clarinet/5HNlS9UFELE.wav,/data2/hao-wen/data/MUSIC/solo/frames/clarinet/5HNlS9UFELE,45
/data2/hao-wen/data/MUSIC/solo/audio/cello/S86qStDAz3A.wav,/data2/hao-wen/data/MUSIC/solo/frames/cello/S86qStDAz3A,123
/data2/hao-wen/data/MUSIC/solo/audio/cello/1Ju4S0qeDqw.wav,/data2/hao-wen/data/MUSIC/solo/frames/cello/1Ju4S0qeDqw,173
/data2/hao-wen/data/MUSIC/solo/audio/trumpet/aavW-tx8daw.wav,/data2/hao-wen/data/MUSIC/solo/frames/trumpet/aavW-tx8daw,90
/data2/hao-wen/data/MUSIC/solo/audio/tuba/UNFwNbFdiTI.wav,/data2/hao-wen/data/MUSIC/solo/frames/tuba/UNFwNbFdiTI,90
/data2/hao-wen/data/MUSIC/solo/audio/acoustic_guitar/S2IWw6z-cfc.wav,/data2/hao-wen/data/MUSIC/solo/frames/acoustic_guitar/S2IWw6z-cfc,206
/data2/hao-wen/data/MUSIC/solo/audio/cello/Mh2tJbJiWQQ.wav,/data2/hao-wen/data/MUSIC/solo/frames/cello/Mh2tJbJiWQQ,185
/data2/hao-wen/data/MUSIC/solo/audio/trumpet/nKc4srJBgYU.wav,/data2/hao-wen/data/MUSIC/solo/frames/trumpet/nKc4srJBgYU,48
/data2/hao-wen/data/MUSIC/solo/audio/accordion/A2p8VW61RGc.wav,/data2/hao-wen/data/MUSIC/solo/frames/accordion/A2p8VW61RGc,92
/data2/hao-wen/data/MUSIC/solo/audio/flute/qb-ttddKLYo.wav,/data2/hao-wen/data/MUSIC/solo/frames/flute/qb-ttddKLYo,23
/data2/hao-wen/data/MUSIC/solo/audio/flute/QAiwlq3aP2U.wav,/data2/hao-wen/data/MUSIC/solo/frames/flute/QAiwlq3aP2U,141
/data2/hao-wen/data/MUSIC/solo/audio/accordion/MnoQccPJbyM.wav,/data2/hao-wen/data/MUSIC/solo/frames/accordion/MnoQccPJbyM,244
/data2/hao-wen/data/MUSIC/solo/audio/trumpet/7q1E1pueAU4.wav,/data2/hao-wen/data/MUSIC/solo/frames/trumpet/7q1E1pueAU4,32
/data2/hao-wen/data/MUSIC/solo/audio/cello/97UEABGyyw8.wav,/data2/hao-wen/data/MUSIC/solo/frames/cello/97UEABGyyw8,129
/data2/hao-wen/data/MUSIC/solo/audio/trumpet/TaII-y9-5Iw.wav,/data2/hao-wen/data/MUSIC/solo/frames/trumpet/TaII-y9-5Iw,100
/data2/hao-wen/data/MUSIC/solo/audio/tuba/8YNdpTm2vsc.wav,/data2/hao-wen/data/MUSIC/solo/frames/tuba/8YNdpTm2vsc,238
/data2/hao-wen/data/MUSIC/solo/audio/cello/WVeheJFHQS4.wav,/data2/hao-wen/data/MUSIC/solo/frames/cello/WVeheJFHQS4,209
/data2/hao-wen/data/MUSIC/solo/audio/violin/-UoFXtE2eqk.wav,/data2/hao-wen/data/MUSIC/solo/frames/violin/-UoFXtE2eqk,237
/data2/hao-wen/data/MUSIC/solo/audio/flute/cZoWhKTZTYY.wav,/data2/hao-wen/data/MUSIC/solo/frames/flute/cZoWhKTZTYY,60
/data2/hao-wen/data/MUSIC/solo/audio/flute/uJnD0NCyJoc.wav,/data2/hao-wen/data/MUSIC/solo/frames/flute/uJnD0NCyJoc,211
/data2/hao-wen/data/MUSIC/solo/audio/trumpet/sPtLTnsCgMY.wav,/data2/hao-wen/data/MUSIC/solo/frames/trumpet/sPtLTnsCgMY,22
/data2/hao-wen/data/MUSIC/solo/audio/accordion/cp_0VICDDSc.wav,/data2/hao-wen/data/MUSIC/solo/frames/accordion/cp_0VICDDSc,138
/data2/hao-wen/data/MUSIC/solo/audio/erhu/MTyf4utLlJk.wav,/data2/hao-wen/data/MUSIC/solo/frames/erhu/MTyf4utLlJk,214
/data2/hao-wen/data/MUSIC/solo/audio/violin/X2hHGcwLPhs.wav,/data2/hao-wen/data/MUSIC/solo/frames/violin/X2hHGcwLPhs,93
/data2/hao-wen/data/MUSIC/solo/audio/tuba/P_lSgczU2Sk.wav,/data2/hao-wen/data/MUSIC/solo/frames/tuba/P_lSgczU2Sk,46
/data2/hao-wen/data/MUSIC/solo/audio/flute/cTO_2R81fdY.wav,/data2/hao-wen/data/MUSIC/solo/frames/flute/cTO_2R81fdY,91
/data2/hao-wen/data/MUSIC/solo/audio/violin/H-j5lp2QjEE.wav,/data2/hao-wen/data/MUSIC/solo/frames/violin/H-j5lp2QjEE,105
/data2/hao-wen/data/MUSIC/solo/audio/violin/QqKlMPzQj7k.wav,/data2/hao-wen/data/MUSIC/solo/frames/violin/QqKlMPzQj7k,101
/data2/hao-wen/data/MUSIC/solo/audio/acoustic_guitar/44FPny8k4DM.wav,/data2/hao-wen/data/MUSIC/solo/frames/acoustic_guitar/44FPny8k4DM,239
/data2/hao-wen/data/MUSIC/solo/audio/erhu/EJ-dXyKrSKA.wav,/data2/hao-wen/data/MUSIC/solo/frames/erhu/EJ-dXyKrSKA,156
/data2/hao-wen/data/MUSIC/solo/audio/acoustic_guitar/8rcClHLysvU.wav,/data2/hao-wen/data/MUSIC/solo/frames/acoustic_guitar/8rcClHLysvU,155
/data2/hao-wen/data/MUSIC/solo/audio/accordion/-DlGdZNAsxA.wav,/data2/hao-wen/data/MUSIC/solo/frames/accordion/-DlGdZNAsxA,193
/data2/hao-wen/data/MUSIC/solo/audio/violin/-tY40Ev8IzE.wav,/data2/hao-wen/data/MUSIC/solo/frames/violin/-tY40Ev8IzE,178
/data2/hao-wen/data/MUSIC/solo/audio/flute/BO7_8o4QSr4.wav,/data2/hao-wen/data/MUSIC/solo/frames/flute/BO7_8o4QSr4,40
/data2/hao-wen/data/MUSIC/solo/audio/tuba/6pkShdDe9LU.wav,/data2/hao-wen/data/MUSIC/solo/frames/tuba/6pkShdDe9LU,22
/data2/hao-wen/data/MUSIC/solo/audio/xylophone/-0gYWIOfqdM.wav,/data2/hao-wen/data/MUSIC/solo/frames/xylophone/-0gYWIOfqdM,87
/data2/hao-wen/data/MUSIC/solo/audio/acoustic_guitar/1XfdURNeY6s.wav,/data2/hao-wen/data/MUSIC/solo/frames/acoustic_guitar/1XfdURNeY6s,208
/data2/hao-wen/data/MUSIC/solo/audio/accordion/cFskXS823Kk.wav,/data2/hao-wen/data/MUSIC/solo/frames/accordion/cFskXS823Kk,136
/data2/hao-wen/data/MUSIC/solo/audio/trumpet/ufsSRKgUb6g.wav,/data2/hao-wen/data/MUSIC/solo/frames/trumpet/ufsSRKgUb6g,24
/data2/hao-wen/data/MUSIC/solo/audio/cello/ZcKsPFZG4_0.wav,/data2/hao-wen/data/MUSIC/solo/frames/cello/ZcKsPFZG4_0,138
/data2/hao-wen/data/MUSIC/solo/audio/clarinet/-PxCSCYT6rw.wav,/data2/hao-wen/data/MUSIC/solo/frames/clarinet/-PxCSCYT6rw,31
/data2/hao-wen/data/MUSIC/solo/audio/clarinet/82pGU0POQSM.wav,/data2/hao-wen/data/MUSIC/solo/frames/clarinet/82pGU0POQSM,92
/data2/hao-wen/data/MUSIC/solo/audio/trumpet/zJIt_KdE3Jc.wav,/data2/hao-wen/data/MUSIC/solo/frames/trumpet/zJIt_KdE3Jc,44
/data2/hao-wen/data/MUSIC/solo/audio/trumpet/UFNc_74au6A.wav,/data2/hao-wen/data/MUSIC/solo/frames/trumpet/UFNc_74au6A,70
/data2/hao-wen/data/MUSIC/solo/audio/xylophone/oQJVBH6ST7o.wav,/data2/hao-wen/data/MUSIC/solo/frames/xylophone/oQJVBH6ST7o,198
/data2/hao-wen/data/MUSIC/solo/audio/violin/HyD1g1KDoEE.wav,/data2/hao-wen/data/MUSIC/solo/frames/violin/HyD1g1KDoEE,221
/data2/hao-wen/data/MUSIC/solo/audio/violin/X2gQ8Jnk2P8.wav,/data2/hao-wen/data/MUSIC/solo/frames/violin/X2gQ8Jnk2P8,133
/data2/hao-wen/data/MUSIC/solo/audio/acoustic_guitar/KOt3oARDH9I.wav,/data2/hao-wen/data/MUSIC/solo/frames/acoustic_guitar/KOt3oARDH9I,141
/data2/hao-wen/data/MUSIC/solo/audio/erhu/HwVslStJE6U.wav,/data2/hao-wen/data/MUSIC/solo/frames/erhu/HwVslStJE6U,41
/data2/hao-wen/data/MUSIC/solo/audio/accordion/vhVtX8F0-BY.wav,/data2/hao-wen/data/MUSIC/solo/frames/accordion/vhVtX8F0-BY,123
/data2/hao-wen/data/MUSIC/solo/audio/accordion/1LnKd5cuqIc.wav,/data2/hao-wen/data/MUSIC/solo/frames/accordion/1LnKd5cuqIc,157
/data2/hao-wen/data/MUSIC/solo/audio/accordion/Dcp8AuzTG-w.wav,/data2/hao-wen/data/MUSIC/solo/frames/accordion/Dcp8AuzTG-w,157
/data2/hao-wen/data/MUSIC/solo/audio/violin/yXKJiqOuvkA.wav,/data2/hao-wen/data/MUSIC/solo/frames/violin/yXKJiqOuvkA,143
/data2/hao-wen/data/MUSIC/solo/audio/accordion/kCMA0wi7i6Y.wav,/data2/hao-wen/data/MUSIC/solo/frames/accordion/kCMA0wi7i6Y,134
/data2/hao-wen/data/MUSIC/solo/audio/erhu/REiXxfSu3Fw.wav,/data2/hao-wen/data/MUSIC/solo/frames/erhu/REiXxfSu3Fw,149
/data2/hao-wen/data/MUSIC/solo/audio/clarinet/GKwO7cy2JIA.wav,/data2/hao-wen/data/MUSIC/solo/frames/clarinet/GKwO7cy2JIA,137
/data2/hao-wen/data/MUSIC/solo/audio/erhu/3n-vlswrQYM.wav,/data2/hao-wen/data/MUSIC/solo/frames/erhu/3n-vlswrQYM,42
/data2/hao-wen/data/MUSIC/solo/audio/trumpet/ZuJEVqon3lM.wav,/data2/hao-wen/data/MUSIC/solo/frames/trumpet/ZuJEVqon3lM,62
/data2/hao-wen/data/MUSIC/solo/audio/erhu/Vq0eH1uUvXc.wav,/data2/hao-wen/data/MUSIC/solo/frames/erhu/Vq0eH1uUvXc,178
/data2/hao-wen/data/MUSIC/solo/audio/accordion/phwHB8nASOo.wav,/data2/hao-wen/data/MUSIC/solo/frames/accordion/phwHB8nASOo,91
/data2/hao-wen/data/MUSIC/solo/audio/trumpet/PYjwNew61XQ.wav,/data2/hao-wen/data/MUSIC/solo/frames/trumpet/PYjwNew61XQ,118
/data2/hao-wen/data/MUSIC/solo/audio/clarinet/ZYMb7ZJkJgc.wav,/data2/hao-wen/data/MUSIC/solo/frames/clarinet/ZYMb7ZJkJgc,135
/data2/hao-wen/data/MUSIC/solo/audio/xylophone/6I846oP0E7Q.wav,/data2/hao-wen/data/MUSIC/solo/frames/xylophone/6I846oP0E7Q,197
/data2/hao-wen/data/MUSIC/solo/audio/accordion/4jGq3kfsJpg.wav,/data2/hao-wen/data/MUSIC/solo/frames/accordion/4jGq3kfsJpg,60
/data2/hao-wen/data/MUSIC/solo/audio/flute/SAN5JBTnlas.wav,/data2/hao-wen/data/MUSIC/solo/frames/flute/SAN5JBTnlas,58
/data2/hao-wen/data/MUSIC/solo/audio/trumpet/nZ4HNz9xvSw.wav,/data2/hao-wen/data/MUSIC/solo/frames/trumpet/nZ4HNz9xvSw,74
/data2/hao-wen/data/MUSIC/solo/audio/cello/PEyIPSlJNQM.wav,/data2/hao-wen/data/MUSIC/solo/frames/cello/PEyIPSlJNQM,162
/data2/hao-wen/data/MUSIC/solo/audio/tuba/4lVuJEIaXgo.wav,/data2/hao-wen/data/MUSIC/solo/frames/tuba/4lVuJEIaXgo,63
/data2/hao-wen/data/MUSIC/solo/audio/flute/SMp2-xo1lZE.wav,/data2/hao-wen/data/MUSIC/solo/frames/flute/SMp2-xo1lZE,59
/data2/hao-wen/data/MUSIC/solo/audio/tuba/GPh_9jtWub8.wav,/data2/hao-wen/data/MUSIC/solo/frames/tuba/GPh_9jtWub8,73
/data2/hao-wen/data/MUSIC/solo/audio/erhu/BB6a5BPpbFs.wav,/data2/hao-wen/data/MUSIC/solo/frames/erhu/BB6a5BPpbFs,179
/data2/hao-wen/data/MUSIC/solo/audio/violin/K1LRscO7TSw.wav,/data2/hao-wen/data/MUSIC/solo/frames/violin/K1LRscO7TSw,197
/data2/hao-wen/data/MUSIC/solo/audio/saxophone/xyi0Ft3sb0U.wav,/data2/hao-wen/data/MUSIC/solo/frames/saxophone/xyi0Ft3sb0U,62
/data2/hao-wen/data/MUSIC/solo/audio/violin/VtZXRWtp5G0.wav,/data2/hao-wen/data/MUSIC/solo/frames/violin/VtZXRWtp5G0,66
/data2/hao-wen/data/MUSIC/solo/audio/flute/Wt40rzyGSBs.wav,/data2/hao-wen/data/MUSIC/solo/frames/flute/Wt40rzyGSBs,111
/data2/hao-wen/data/MUSIC/solo/audio/accordion/fful4o8CIW8.wav,/data2/hao-wen/data/MUSIC/solo/frames/accordion/fful4o8CIW8,94
/data2/hao-wen/data/MUSIC/solo/audio/tuba/DVrCy36Uigo.wav,/data2/hao-wen/data/MUSIC/solo/frames/tuba/DVrCy36Uigo,119
/data2/hao-wen/data/MUSIC/solo/audio/saxophone/5_NsbkyLO2Q.wav,/data2/hao-wen/data/MUSIC/solo/frames/saxophone/5_NsbkyLO2Q,221
/data2/hao-wen/data/MUSIC/solo/audio/erhu/HGqEtp1wpyc.wav,/data2/hao-wen/data/MUSIC/solo/frames/erhu/HGqEtp1wpyc,139
/data2/hao-wen/data/MUSIC/solo/audio/xylophone/GezwOJW568A.wav,/data2/hao-wen/data/MUSIC/solo/frames/xylophone/GezwOJW568A,32
/data2/hao-wen/data/MUSIC/solo/audio/xylophone/No-IJw4uWMw.wav,/data2/hao-wen/data/MUSIC/solo/frames/xylophone/No-IJw4uWMw,188
/data2/hao-wen/data/MUSIC/solo/audio/flute/hYepU4PQFAo.wav,/data2/hao-wen/data/MUSIC/solo/frames/flute/hYepU4PQFAo,59
/data2/hao-wen/data/MUSIC/solo/audio/clarinet/iLeEWSC2M2U.wav,/data2/hao-wen/data/MUSIC/solo/frames/clarinet/iLeEWSC2M2U,59
/data2/hao-wen/data/MUSIC/solo/audio/trumpet/6G78knF3eFk.wav,/data2/hao-wen/data/MUSIC/solo/frames/trumpet/6G78knF3eFk,49
/data2/hao-wen/data/MUSIC/solo/audio/saxophone/FR_1gEaBeeE.wav,/data2/hao-wen/data/MUSIC/solo/frames/saxophone/FR_1gEaBeeE,99
/data2/hao-wen/data/MUSIC/solo/audio/cello/Mff3pp-Fj2w.wav,/data2/hao-wen/data/MUSIC/solo/frames/cello/Mff3pp-Fj2w,102
/data2/hao-wen/data/MUSIC/solo/audio/acoustic_guitar/Pzf9MQKkoNM.wav,/data2/hao-wen/data/MUSIC/solo/frames/acoustic_guitar/Pzf9MQKkoNM,140
/data2/hao-wen/data/MUSIC/solo/audio/acoustic_guitar/IPsA3sz934M.wav,/data2/hao-wen/data/MUSIC/solo/frames/acoustic_guitar/IPsA3sz934M,193
/data2/hao-wen/data/MUSIC/solo/audio/violin/l7LptHCRkQU.wav,/data2/hao-wen/data/MUSIC/solo/frames/violin/l7LptHCRkQU,223
